split,text,nombre,email,a√±os_experiencia,skills,educacion_principal
train,"JUAN P√âREZ
juan.perez@email.com

EXPERIENCIA: 5 a√±os en desarrollo de software

HABILIDADES:
‚Ä¢ Python
‚Ä¢ Machine Learning
‚Ä¢ Docker
‚Ä¢ AWS

EDUCACI√ìN:
Licenciatura en Ciencias de la Computaci√≥n, UNAM, 2018",Juan P√©rez,juan.perez@email.com,5,"Python, Machine Learning, Docker, AWS","Licenciatura Ciencias Computaci√≥n, UNAM"
train,"Mar√≠a Gonz√°lez (maria.g@company.com) es una desarrolladora senior con m√°s de 8 a√±os de experiencia en desarrollo web. Competente en React, Node.js y AWS. Graduada de la Universidad de Madrid con Maestr√≠a en Ingenier√≠a en Computaci√≥n en 2015.",Mar√≠a Gonz√°lez,maria.g@company.com,8,"React, Node.js, AWS","Maestr√≠a Ingenier√≠a Computaci√≥n, Universidad Madrid"
train,"ROBERTO CHEN
Email: r.chen@techcorp.com

Historial Laboral: Ingeniero de Software (2019-2024)
Habilidades T√©cnicas: Java, Spring Boot, Kubernetes, PostgreSQL

Educaci√≥n: Licenciatura en Ciencias en Tecnolog√≠a de la Informaci√≥n
Universidad de California, Berkeley",Roberto Chen,r.chen@techcorp.com,5,"Java, Spring Boot, Kubernetes, PostgreSQL","Licenciatura Ciencias Tecnolog√≠a Informaci√≥n, UC Berkeley"
train,"Sara Williams | sarah.w@devmail.com

Resumen Profesional:
- 10 a√±os exp en ciencia de datos
- Experta en Python, R, TensorFlow, scikit-learn

Educaci√≥n:
- PhD Ciencia de Datos, Stanford (2013)",Sara Williams,sarah.w@devmail.com,10,"Python, R, TensorFlow, scikit-learn","PhD Ciencia de Datos, Stanford"
train,"AHMED HASSAN
Contacto: ahmed.hassan@email.net

EXPERIENCIA PROFESIONAL
Ingeniero DevOps - 2021 a Presente (3 a√±os)
Responsable de pipelines CI/CD usando Jenkins y Docker.
Despleg√≥ aplicaciones en Kubernetes y administr√≥ infraestructura cloud con Terraform.

EDUCACI√ìN
MSc Ciencias de la Computaci√≥n, Universidad de Toronto, 2020",Ahmed Hassan,ahmed.hassan@email.net,3,"Jenkins, Docker, Kubernetes, Terraform","MSc Ciencias Computaci√≥n, Universidad Toronto"
train,"Jennifer L√≥pez
j.lopez@marketing.com

Experiencia: Gerente de Marketing desde 2017 (7 a√±os)
Competencias clave: SEO, Google Analytics, Estrategia de Contenido, Redes Sociales

Formaci√≥n Acad√©mica: Licenciatura Marketing, NYU",Jennifer L√≥pez,j.lopez@marketing.com,7,"SEO, Google Analytics, Estrategia de Contenido, Redes Sociales","Licenciatura Marketing, NYU"
train,"Miguel Brown <m.brown@consultant.com>

Historial de Carrera:
‚Ä¢ Consultor Senior (2020-2024): 4 a√±os
‚Ä¢ Analista (2018-2020): 2 a√±os
Total: 6 a√±os

Habilidades: Excel, Tableau, SQL, Power BI

Educaci√≥n: MBA, Harvard Business School, 2018",Miguel Brown,m.brown@consultant.com,6,"Excel, Tableau, SQL, Power BI","MBA, Harvard Business School"
train,"Emma Watson
emma.watson@design.io

Dise√±adora UX | 4 a√±os de experiencia
Habilidades: Figma, Adobe XD, Investigaci√≥n de Usuarios, Prototipado
T√≠tulo: BFA Dise√±o Gr√°fico, RISD",Emma Watson,emma.watson@design.io,4,"Figma, Adobe XD, Investigaci√≥n de Usuarios, Prototipado","BFA Dise√±o Gr√°fico, RISD"
val,"David Kim
davidkim@techstart.com

Desarrollador Full Stack - 6 a√±os
Stack Tecnol√≥gico: JavaScript, React, Node.js, MongoDB, GraphQL

Educaci√≥n: Licenciatura Ingenier√≠a de Software, Georgia Tech (2018)",David Kim,davidkim@techstart.com,6,"JavaScript, React, Node.js, MongoDB, GraphQL","Licenciatura Ingenier√≠a Software, Georgia Tech"
val,"Lisa Anderson | lisa.a@sales.com

Ejecutiva de Ventas con m√°s de 12 a√±os en ventas B2B de software. Experiencia en CRM (Salesforce), Generaci√≥n de Leads y Negociaci√≥n de Contratos. MBA de Wharton, 2011.",Lisa Anderson,lisa.a@sales.com,12,"Salesforce, Generaci√≥n de Leads, Negociaci√≥n de Contratos","MBA, Wharton"
val,"THOMAS MILLER
thomas.miller@cloudeng.com

Arquitecto Cloud (2019-presente)
A√±os de Experiencia: 5
Tecnolog√≠as: AWS, Azure, GCP, Terraform, Ansible

Formaci√≥n: MS Computaci√≥n en la Nube, Universidad Carnegie Mellon",Thomas Miller,thomas.miller@cloudeng.com,5,"AWS, Azure, GCP, Terraform, Ansible","MS Computaci√≥n Nube, Carnegie Mellon"
val,"Sophia Rodr√≠guez
Contacto: sophia.r@biotech.org

Cient√≠fica de Investigaci√≥n - Bioinform√°tica
Experiencia: 9 a√±os (2015-2024)
Habilidades: Python, R, BioConductor, An√°lisis NGS

PhD Biolog√≠a Computacional, Johns Hopkins, 2015",Sophia Rodr√≠guez,sophia.r@biotech.org,9,"Python, R, BioConductor, An√°lisis NGS","PhD Biolog√≠a Computacional, Johns Hopkins"
val,"James Taylor <j.taylor@finance.net>

Analista Cuantitativo | 7 a√±os
Competente en: Python, C++, Modelado Financiero, An√°lisis de Riesgo

Educado en: MSc Ingenier√≠a Financiera, Universidad de Columbia (2017)",James Taylor,j.taylor@finance.net,7,"Python, C++, Modelado Financiero, An√°lisis de Riesgo","MSc Ingenier√≠a Financiera, Universidad Columbia"
test,"Anna Kowalski
üìß anna.kowalski@pm.com

Gerente de Producto @ TechCorp
üïê 8 a√±os en gesti√≥n de producto

Habilidades Clave: Agile, JIRA, Planificaci√≥n de Roadmap, Historias de Usuario

üéì MBA Gesti√≥n de Producto, Northwestern Kellogg, 2016",Anna Kowalski,anna.kowalski@pm.com,8,"Agile, JIRA, Planificaci√≥n de Roadmap, Historias de Usuario","MBA Gesti√≥n de Producto, Northwestern Kellogg"
test,"Carlos M√©ndez | carlos@dev.mx | Dev Backend | 5a exp
Stack: Go, Microservicios, gRPC, Kubernetes
Lic. CS, UNAM 2019",Carlos M√©ndez,carlos@dev.mx,5,"Go, Microservicios, gRPC, Kubernetes","Lic. CS, UNAM"
test,"La Dra. Elena Petrov (elena.petrov@research.edu) ha dedicado 15 a√±os a la investigaci√≥n en inteligencia artificial. Su experiencia abarca Aprendizaje Profundo, NLP, Visi√≥n por Computadora y Aprendizaje por Refuerzo. Obtuvo su PhD en Inteligencia Artificial del MIT en 2009.",Elena Petrov,elena.petrov@research.edu,15,"Aprendizaje Profundo, NLP, Visi√≥n por Computadora, Aprendizaje por Refuerzo","PhD Inteligencia Artificial, MIT"